1775630920.016749,99,99
1775630920.663246,99,99
1775630920.7676823,100,100
1775630921.0372546,99,99
1775630921.5398989,99,99.2
1775630922.039296,99,99.2
1775630922.5425742,99,99.2
1775630923.0426803,99,99.0
1775630923.5402277,99,99.0
1775630924.0443711,100,99.2
1775630924.5459743,98,99.0
1775630925.0441546,99,99.0
1775630925.5453014,99,99.0
1775630926.0456245,99,99.0
1775630926.5455313,99,98.8
1775630927.0471556,99,99.0
1775630927.5488453,100,99.2
1775630928.0477908,99,99.2
1775630928.5467803,99,99.2
1775630929.0470634,99,99.2
1775630929.5521617,100,99.4
1775630930.0524037,100,99.4
1775630930.5498126,102,100.0
1775630931.0516608,97,99.6
1775630931.5540447,98,99.4
1775630932.053959,99,99.2
1775630932.5533905,102,99.6
1775630933.0532582,100,99.2
1775630933.5584698,101,100.0
1775630934.0573478,97,99.8
1775630934.5562599,80,96.0
1775630935.057516,67,89.0
1775630935.5561993,59,80.8
1775630936.057016,59,72.4
1775630936.559903,63,65.6
1775630937.0602252,67,63.0
1775630937.558383,69,63.4
1775630938.059357,73,66.2
1775630938.5615509,74,69.2
1775630939.0615087,78,72.2
1775630939.5614474,79,74.6
1775630940.061891,81,77.0
1775630940.5626702,83,79.0
1775630941.0666015,85,81.2
1775630941.5660794,88,83.2
1775630942.0652473,89,85.2
1775630942.5659356,90,87.0
1775630943.0666578,92,88.8
1775630943.5681064,93,90.4
1775630944.0695055,95,91.8
1775630944.5690014,97,93.4
1775630945.0678985,99,95.2
1775630945.566796,98,96.4
1775630946.0705645,100,97.8
1775630946.5702271,101,99.0
1775630947.0727594,102,100.0
1775630947.5740151,102,100.6
1775630948.0749538,102,101.4
1775630948.5748794,104,102.2
1775630949.075103,105,103.0
1775630949.57952,107,104.0
1775630950.0777264,107,105.0
1775630950.577628,108,106.2
1775630951.0772836,108,107.0
1775630951.5765676,110,108.0
1775630952.0794768,110,108.6
1775630952.579616,110,109.2
1775630953.0792642,111,109.8
1775630953.581078,111,110.4
1775630954.0836778,112,110.8
1775630954.5832205,113,111.4
1775630955.084739,112,111.8
1775630955.5838761,113,112.2
1775630956.084287,114,112.8
1775630956.585721,114,113.2
1775630957.1482801,115,113.6
1775630957.5872445,115,114.2
1775630958.0874555,116,114.8
1775630958.5907621,114,114.8
1775630959.089877,116,115.2
1775630959.589967,115,115.2
1775630960.089838,116,115.4
1775630960.590187,114,115.0
1775630961.0924246,116,115.4
1775630961.5922158,115,115.2
1775630962.0931246,115,115.2
1775630962.5937297,114,114.8
1775630963.0948236,114,114.8
1775630963.5947533,115,114.6
1775630964.0959098,116,114.8
1775630964.5944483,115,114.8
1775630965.0941176,115,115.0
1775630965.5986948,114,115.0
1775630966.0987399,114,114.8
1775630966.5997565,116,114.8
1775630967.0991287,116,115.0
1775630967.6019218,115,115.0
1775630968.101522,126,117.4
1775630968.6016486,121,118.8
1775630969.1025975,120,119.6
1775630969.602383,119,120.2
1775630970.105387,113,119.8
1775630970.605356,120,118.6
1775630971.1047308,120,118.4
1775630971.6044493,120,118.4
1775630972.1080377,120,118.6
1775630972.6084478,124,120.8
1775630973.108678,126,122.0
1775630973.6078022,125,123.0
1775630974.10729,123,123.6
1775630974.6102533,126,124.8
1775630975.1100276,124,124.8
1775630975.6115317,123,124.2
1775630976.1109972,115,122.2
1775630976.6124556,114,120.4
1775630977.118569,114,118.0
1775630977.612345,114,116.0
1775630978.1123872,113,114.0
1775630978.6146057,114,113.8
1775630979.116376,113,113.6
1775630979.615757,112,113.2
1775630980.115816,113,113.0
1775630981.4075456,113,113.0
1775630983.0559754,112,112.6
1775630983.2682593,112,112.4
1775630983.420686,112,112.4
1775630983.5822036,112,112.2
1775630983.7316723,112,112.0
1775630983.874153,112,112.0
1775630984.1222966,112,112.0
1775630984.6214797,112,112.0
1775630985.1213477,111,111.8
1775630985.6217542,110,111.4
1775630986.1247132,111,111.2
1775630986.6248515,111,111.0
1775630987.124391,111,110.8
1775630987.6264052,110,110.6
1775630988.1280227,110,110.6
1775630988.6320872,110,110.4
1775630989.1274533,111,110.4
1775630989.6312222,110,110.2
1775630990.1287386,110,110.2
1775630990.6324127,110,110.2
1775630991.131709,110,110.2
1775630991.633077,109,109.8
1775630992.1324964,109,109.6
1775630992.63447,110,109.6
1775630993.1337473,109,109.4
1775630993.6356528,109,109.2
1775630994.1350086,108,109.0
1775630994.9982007,109,109.0
1775630995.1384354,108,108.6
1775630995.6700182,108,108.4
1775630996.1358845,109,108.4
1775630996.6357045,108,108.4
1775630997.1417682,109,108.4
1775630997.639524,108,108.4
1775630998.1400578,108,108.4
1775630998.6395335,109,108.4
1775630999.1387565,107,108.2
1775630999.642421,109,108.2
1775631000.1422696,107,108.0
1775631000.6431022,109,108.2
1775631001.142038,107,107.8
1775631001.6455517,109,108.2
1775631002.145377,108,108.0
1775631002.645046,109,108.4
1775631003.1451602,107,108.0
1775631003.6448762,108,108.2
1775631004.1488676,107,107.8
1775631004.6491852,107,107.6
1775631005.1498907,107,107.2
1775631005.6501815,107,107.2
1775631006.256242,107,107.0
1775631006.6515234,107,107.0
1775631007.151278,107,107.0
1775631007.6597767,107,107.0
1775631008.151305,107,107.0
1775631008.6572394,107,107.0
1775631009.156591,107,107.0
1775631009.656779,107,107.0
1775631010.1545584,106,106.8
1775631010.6581295,106,106.6
1775631011.1574035,106,106.4
1775631011.6597672,107,106.4
1775631012.1582088,105,106.0
1775631012.6601925,108,106.4
1775631013.1615005,106,106.4
1775631013.6620595,108,106.8
1775631014.1603403,106,106.6
1775631014.6611211,107,107.0
1775631015.1650157,106,106.6
1775631015.6640072,106,106.6
1775631016.1655648,106,106.2
1775631016.665417,105,106.0
1775631017.1934614,105,105.6
1775631017.6678712,107,105.8
1775631018.1666605,104,105.4
1775631018.6691554,105,105.2
1775631019.167105,106,105.4
1775631019.6697733,106,105.6
1775631020.1697402,106,105.4
1775631020.669821,105,105.6
1775631021.172003,106,105.8
1775631021.6707804,104,105.4
1775631022.174634,104,105.0
1775631022.6733093,104,104.6
1775631023.1738315,104,104.4
1775631023.6738458,104,104.0
1775631024.1760564,104,104.0
1775631024.6774802,104,104.0
1775631025.176846,106,104.4
1775631025.6772194,104,104.4
1775631026.1753411,105,104.6
1775631026.6785827,104,104.6
1775631027.1793692,105,104.8
1775631027.6807454,104,104.4
1775631028.178958,104,104.4
1775631028.6826081,105,104.4
1775631029.1825738,103,104.2
1775631029.6831045,103,103.8
1775631030.1828985,104,103.8
1775631030.6828232,103,103.6
1775631031.1867316,103,103.2
1775631031.6867056,103,103.2
1775631032.1854503,103,103.2
1775631032.686094,104,103.2
1775631033.189595,104,103.4
1775631033.688216,103,103.4
1775631034.189322,102,103.2
1775631034.6896796,103,103.2
1775631035.188568,103,103.0
1775631035.692114,103,102.8
1775631036.1919963,103,102.8
1775631036.691726,102,102.8
1775631037.1911676,103,102.8
1775631037.6961994,102,102.6
1775631038.1961262,103,102.6
1775631038.6936424,103,102.6
1775631039.1929772,103,102.8
1775631039.6932812,103,102.8
1775631040.1965425,102,102.8
1775631040.6981437,103,102.8
1775631041.197952,103,102.8
1775631041.6959221,102,102.6
1775631042.201247,103,102.6
1775631042.7018235,103,102.8
1775631043.199223,103,102.8
1775631043.7005835,103,102.8
1775631044.1999383,104,103.2
1775631044.7043169,103,103.2
1775631045.2040339,103,103.2
1775631045.7029507,102,103.0
1775631046.2036142,103,103.0
1775631046.7068062,102,102.6
1775631047.2189102,102,102.4
1775631047.7057135,103,102.4
1775631048.2068121,103,102.6
1775631048.7055416,102,102.4
1775631049.2097077,103,102.6
1775631049.7102592,102,102.6
1775631050.2101974,103,102.6
1775631050.7098124,102,102.4
1775631051.2128725,103,102.6
1775631051.7127318,102,102.4
1775631052.212253,102,102.4
1775631052.7130237,103,102.4
1775631053.2135913,103,102.6
1775631053.7156785,102,102.4
1775631054.2152238,103,102.6
1775631054.7148175,104,103.0
1775631055.2164092,102,102.8
1775631055.7185924,103,102.8
1775631056.2179694,102,102.8
1775631056.7196226,103,102.8
1775631057.219201,102,102.4
1775631057.7181401,103,102.6
1775631058.2209036,102,102.4
1775631058.7205925,102,102.4
1775631059.2203336,103,102.4
1775631059.7198794,102,102.4
1775631060.2259607,102,102.2
1775631060.7256515,102,102.2
1775631061.2233539,102,102.2
1775631061.7251737,103,102.2
1775631062.2450414,102,102.2
1775631062.7271235,103,102.4
1775631063.2283578,102,102.4
1775631063.7285385,103,102.6
1775631064.226266,102,102.4
1775631064.7307346,102,102.4
1775631065.2295914,102,102.2
1775631065.7312725,102,102.2
1775631066.2314773,101,101.8
1775631066.7306716,102,101.8
1775631067.235448,101,101.6
1775631067.7333877,103,101.8
1775631068.2347999,102,101.8
1775631068.7321942,103,102.2
1775631069.2364502,102,102.2
1775631069.7379074,103,102.6
1775631070.2357395,102,102.4
1775631070.734878,103,102.6
1775631071.2372668,102,102.4
1775631071.7777293,102,102.4
1775631072.2406948,102,102.2
1775631072.7404993,102,102.2
1775631073.2402036,102,102.0
1775631073.7438593,103,102.2
1775631074.242798,102,102.2
1775631074.7435107,103,102.4
1775631075.24367,102,102.4
1775631075.7433052,103,102.6
1775631076.2474,103,102.6
1775631076.74687,103,102.8
1775631077.2468154,102,102.6
1775631077.7448862,102,102.6
1775631078.2499535,102,102.4
1775631078.749346,101,102.0
1775631079.2498078,101,101.6
1775631079.7493834,102,101.6
1775631080.2488828,101,101.4
1775631080.752184,102,101.4
1775631081.2527137,101,101.4
1775631081.753297,102,101.6
1775631082.2523339,101,101.4
1775631082.7562482,101,101.4
1775631083.2557578,101,101.2
1775631083.7556098,102,101.4
1775631084.2556484,102,101.4
1775631084.753934,102,101.6
1775631085.2575643,101,101.6
1775631085.7581491,102,101.8
1775631086.2570505,102,101.8
1775631086.7731256,102,101.8
1775631087.2600234,102,101.8
1775631087.7610216,100,101.6
1775631088.260671,102,101.6
1775631088.7614408,101,101.4
1775631089.261215,101,101.2
1775631089.7646127,102,101.2
1775631090.2636776,101,101.4
1775631090.7648973,102,101.4
1775631091.2641685,101,101.4
1775631091.76799,101,101.4
1775631092.2663279,100,101.0
1775631092.7666829,101,101.0
1775631093.267739,100,100.6
1775631093.7675278,101,100.6
1775631094.27078,101,100.6
1775631094.7704947,100,100.6
1775631095.2695296,101,100.6
1775631095.7708368,102,101.0
1775631096.2728848,100,100.8
1775631096.7746475,101,100.8
1775631097.2719312,101,101.0
1775631097.7713912,100,100.8
1775631098.2735646,101,100.6
1775631098.7762814,101,100.8
1775631099.2757814,101,100.8
1775631099.7743518,100,100.6
1775631100.2762945,102,101.0
1775631100.7787092,102,101.2
1775631101.2787614,102,101.4
1775631101.7996764,102,101.6
1775631102.2781277,102,102.0
1775631102.778634,102,102.0
1775631103.2823875,101,101.8
1775631103.8027833,101,101.6
1775631104.282636,102,101.6
1775631104.7812686,101,101.4
1775631105.2864344,102,101.4
1775631105.7850173,102,101.6
1775631106.2847512,102,101.8
1775631106.7843294,102,101.8
1775631107.2853477,102,102.0
1775631107.7885082,102,102.0
1775631108.2890446,102,102.0
1775631108.7883823,102,102.0
1775631109.2885911,102,102.0
1775631109.788585,102,102.0
1775631110.290993,102,102.0
1775631110.7905898,102,102.0
1775631111.2901688,101,101.8
1775631111.790453,102,101.8
1775631112.2933013,103,102.0
1775631112.7955809,101,101.8
1775631113.2943926,101,101.6
1775631113.7943578,102,101.8
1775631114.294069,102,101.8
1775631114.797027,102,101.6
1775631115.2953708,102,101.8
1775631115.795418,103,102.2
1775631116.294715,102,102.2
1775631116.800617,101,102.0
1775631117.3003259,101,101.8
1775631117.8001354,101,101.6
1775631118.300368,102,101.4
1775631118.7994652,101,101.2
1775631119.3026981,102,101.4
1775631119.801297,103,101.8
1775631120.302797,101,101.8
1775631120.8027728,102,101.8
1775631121.3057678,102,102.0
1775631121.807243,101,101.8
1775631122.306194,102,101.6
1775631122.8056455,101,101.6
1775631123.3057203,101,101.4
1775631123.808866,103,101.6
1775631124.3083067,101,101.6
1775631124.8071778,101,101.4
1775631125.3072238,102,101.6
1775631125.8117318,101,101.6
1775631126.3118782,102,101.4
1775631126.8114555,101,101.4
1775631127.3098547,101,101.4
1775631127.8098936,101,101.2
1775631128.3142574,101,101.2
1775631128.8132048,100,100.8
1775631129.3129885,101,100.8
1775631129.8135638,102,101.0
1775631130.3166592,101,101.0
1775631130.819035,102,101.2
1775631131.3187363,101,101.4
1775631131.8177516,101,101.4
1775631132.3178825,100,101.0
1775631132.8217099,101,101.0
1775631133.3219473,101,100.8
1775631133.8216667,101,100.8
1775631134.3216677,100,100.6
1775631134.8250177,101,100.8
1775631135.3246477,102,101.0
1775631135.8245852,102,101.2
1775631136.3230226,101,101.2
1775631136.8242488,100,101.2
1775631137.327624,101,101.2
1775631137.8266299,101,101.0
1775631138.3265874,101,100.8
1775631138.8262053,101,100.8
1775631139.330866,100,100.8
1775631139.8643348,101,100.8
1775631140.3293114,102,101.0
1775631140.829128,101,101.0
1775631141.3557353,101,101.0
1775631141.8331115,101,101.2
1775631142.3329084,101,101.2
1775631142.8324735,102,101.2
1775631143.3322287,101,101.2
1775631143.835281,100,101.0
1775631144.3367455,101,101.0
1775631144.8368268,101,101.0
1775631145.3360574,101,100.8
1775631145.8352888,101,100.8
1775631146.3397067,101,101.0
1775631146.8392062,100,100.8
1775631147.3390758,101,100.8
1775631147.8398778,101,100.8
1775631148.3420284,102,101.0
1775631148.8421664,101,101.0
1775631149.3415825,100,101.0
1775631149.8424494,100,100.8
1775631150.343515,100,100.6
1775631150.8417199,99,100.0
1775631151.3458483,101,100.0
1775631151.84523,101,100.2
1775631152.3453789,101,100.4
1775631152.8480392,100,100.4
1775631153.3473127,101,100.8
1775631153.846251,100,100.6
1775631154.3479872,102,100.8
1775631154.845553,100,100.6
1775631155.349259,100,100.6
1775631155.8516417,100,100.4
1775631156.3499484,100,100.4
1775631156.852047,102,100.4
1775631157.3537638,102,100.8
1775631157.853838,101,101.0
1775631158.3537023,101,101.2
1775631158.853624,100,101.2
1775631159.353614,101,101.0
1775631159.8566399,100,100.6
1775631160.3566487,100,100.4
1775631160.857501,101,100.4
1775631161.3559577,101,100.6
1775631161.8566144,101,100.6
1775631162.3594017,100,100.6
1775631162.8591788,100,100.6
1775631163.359261,100,100.4
1775631163.8596194,101,100.4
1775631164.3614295,100,100.2
1775631164.8614154,100,100.2
1775631165.3627331,101,100.4
1775631165.8919673,99,100.2
1775631166.3619292,99,99.8
1775631166.8668637,101,100.0
1775631167.366076,99,99.8
1775631167.8659637,101,99.8
1775631168.365986,90,98.0
1775631168.8664093,75,93.2
1775631169.3657732,65,86.0
1775631169.8691447,69,80.0
1775631170.368934,72,74.2
1775631170.8685293,76,71.4
1775631171.3687062,76,71.6
1775631171.8706636,78,74.2
1775631172.371425,80,76.4
1775631172.8711495,82,78.4
1775631173.3718915,83,79.8
1775631173.8720922,85,81.6
1775631174.374056,86,83.2
1775631174.874095,88,84.8
1775631175.374429,89,86.2
1775631175.8738735,91,87.8
1775631176.372575,91,89.0
1775631176.890819,93,90.4
1775631177.3755822,94,91.6
1775631177.8892012,94,92.6
1775631178.3770304,96,93.6
1775631178.8798552,95,94.4
1775631179.3814533,97,95.2
1775631179.8804986,99,96.2
1775631180.381035,98,97.0
1775631180.8823695,99,97.6
1775631181.3826723,99,98.4
1775631181.8835294,100,99.0
1775631182.384115,101,99.4
1775631182.8827446,102,100.2
1775631183.3872333,102,100.8
1775631183.8871634,102,101.4
1775631184.3851337,101,101.6
1775631184.8854454,102,101.8
1775631185.3897104,102,101.8
1775631185.888545,103,102.0
1775631186.3902867,103,102.2
1775631186.8900416,102,102.4
1775631187.3896258,103,102.6
1775631187.8909764,102,102.6
1775631188.391763,103,102.6
1775631188.8912988,104,102.8
1775631189.3902767,102,102.8
1775631189.8941352,103,102.8
1775631190.3956654,103,103.0
1775631190.8964353,107,103.8
1775631191.3946652,103,103.6
1775631191.8947024,104,104.0
1775631192.3991241,103,104.0
1775631192.8982978,103,104.0
1775631193.3992097,103,103.2
1775631193.929325,103,103.2
1775631194.4867835,105,103.4
1775631194.9014976,104,103.6
1775631195.401642,104,103.8
1775631195.9015255,103,103.8
1775631196.4009295,104,104.0
1775631196.9038835,104,103.8
1775631197.4050002,104,103.8
1775631197.905088,103,103.6
1775631198.4037898,104,103.8
1775631198.908298,103,103.6
1775631199.4065437,104,103.6
1775631199.9079576,104,103.6
1775631200.4065275,103,103.6
1775631200.9080672,105,103.8
1775631201.4113503,103,103.8
1775631201.9106514,104,103.8
1775631202.409173,104,103.8
1775631202.91135,104,104.0
1775631203.4123926,104,103.8
1775631203.9117973,105,104.2
1775631204.4121437,104,104.2
1775631204.9126427,104,104.2
1775631205.4112835,104,104.2
1775631205.914955,104,104.2
1775631206.4159417,104,104.0
1775631206.9164844,104,104.0
1775631207.4161582,105,104.2
1775631207.9197056,103,104.0
1775631208.418435,104,104.0
1775631208.919659,104,104.0
1775631209.419792,104,104.0
1775631209.9205096,103,103.6
1775631210.4226108,104,103.8
1775631210.9220688,104,103.8
1775631211.4217062,104,103.8
1775631211.9306202,103,103.6
1775631212.4289,104,103.8
1775631212.9261556,104,103.8
1775631213.4261281,105,104.0
1775631213.9233654,103,103.8
1775631214.4231305,103,103.8
1775631214.9284973,104,103.8
1775631215.4291975,103,103.6
1775631215.927834,104,103.4
1775631216.4278448,102,103.2
1775631216.9270332,104,103.4
1775631217.4296029,103,103.2
1775631217.931777,103,103.2
1775631218.42973,105,103.4
1775631218.9295905,103,103.6
1775631219.4327812,104,103.6
1775631219.933602,104,103.8
1775631220.46395,103,103.8
1775631220.9344246,103,103.4
1775631221.4324226,102,103.2
1775631221.9379506,103,103.0
1775631222.436233,104,103.0
1775631222.9357197,103,103.0
1775631223.4377644,102,102.8
1775631223.9414957,103,103.0
1775631224.4400046,103,103.0
1775631224.9387722,103,102.8
1775631225.4403737,102,102.6
1775631225.9639707,102,102.6
1775631226.4436786,102,102.4
1775631226.942869,103,102.4
1775631227.444033,102,102.2
1775631227.9432547,103,102.4
1775631228.446146,102,102.4
1775631228.9472086,103,102.6
1775631229.4470308,103,102.6
1775631229.94679,102,102.6
1775631230.4449139,102,102.4
1775631230.9488022,103,102.6
1775631231.4488993,102,102.4
1775631231.9491699,102,102.2
1775631232.4472172,102,102.2
1775631232.9528565,103,102.4
1775631233.4528913,103,102.4
1775631233.9520948,102,102.4
1775631234.4522107,102,102.4
1775631234.9520133,102,102.4
1775631235.4793477,102,102.2
1775631235.9535866,102,102.0
1775631236.4533486,103,102.2
1775631236.9545374,102,102.2
1775631237.813583,102,102.2
1775631237.9981246,103,102.4
1775631238.4578156,102,102.4
1775631238.9579532,102,102.2
1775631239.457215,102,102.2
1775631239.962085,102,102.2
1775631240.459508,102,102.0
1775631240.9594293,102,102.0
1775631241.4613333,103,102.2
1775631241.964475,101,102.0
1775631242.463371,102,102.0
1775631242.9626637,102,102.0
1775631243.4631112,101,101.8
1775631243.9631011,102,101.6
1775631244.4676526,103,102.0
1775631244.9670272,102,102.0
1775631245.4727912,102,102.0
1775631245.965861,101,102.0
1775631246.470775,102,102.0
1775631246.9698598,102,101.8
1775631247.4707668,101,101.6
1775631247.9682388,101,101.4
1775631248.4691045,101,101.4
1775631248.9718726,102,101.4
1775631249.473698,102,101.4
1775631249.971981,102,101.6
1775631250.472435,102,101.8
1775631250.9736035,102,102.0
1775631251.4757445,103,102.2
1775631251.9765348,102,102.2
1775631252.4749722,102,102.2
1775631252.9742692,102,102.2
1775631253.47817,102,102.2
1775631253.9782238,102,102.0
1775631254.4799008,102,102.0
1775631254.9788246,102,102.0
1775631255.4773889,101,101.8
1775631255.982955,102,101.8
1775631256.4819684,102,101.8
1775631256.983196,102,101.8
1775631257.4827838,103,102.0
1775631257.9853215,102,102.2
1775631258.4865587,102,102.2
1775631258.9857452,100,101.8
1775631259.4858234,103,102.0
1775631259.9859986,102,101.8
1775631260.4883137,102,101.8
1775631260.9901884,101,101.6
1775631261.4871387,102,102.0
1775631261.986415,101,101.6
1775631262.4921136,101,101.4
1775631262.9915984,101,101.2
1775631263.494407,101,101.2
1775631263.9915156,101,101.0
1775631264.488943,101,101.0
1775631264.9945536,101,101.0
1775631265.4937196,101,101.0
1775631265.994748,102,101.2
1775631266.495362,101,101.2
1775631266.9956481,100,101.0
1775631267.4988973,102,101.2
1775631267.9998634,101,101.2
1775631268.4988933,101,101.0
1775631268.9994648,101,101.0
1775631269.5016534,102,101.4
1775631269.9988532,101,101.2
1775631270.5006156,101,101.2
1775631271.002907,100,101.0
1775631271.5038054,102,101.2
1775631272.0042353,101,101.0
1775631272.5041952,100,100.8
1775631273.0025768,101,100.8
1775631273.5046694,100,100.8
1775631274.0074508,101,100.6
1775631274.5067258,101,100.6
1775631275.0054862,101,100.8
1775631275.5061963,102,101.0
1775631276.0108924,101,101.2
1775631276.5100455,101,101.2
1775631277.009613,102,101.4
1775631277.510372,102,101.6
1775631278.0073166,102,101.6
1775631278.5139349,101,101.6
1775631279.015126,101,101.6
1775631279.5125368,99,101.0
1775631280.0124192,101,100.8
1775631280.5508826,101,100.6
1775631281.015545,100,100.4
1775631281.518381,100,100.2
1775631282.0146525,101,100.6
1775631282.513887,100,100.4
1775631283.0170586,101,100.4
1775631283.5204337,101,100.6
1775631284.0180874,100,100.6
1775631284.516221,101,100.6
1775631285.0158303,101,100.8
1775631285.5196283,101,100.8
1775631286.0197952,100,100.6
1775631286.5197148,102,101.0
1775631287.0206974,101,101.0
1775631287.5227306,100,100.8
1775631288.023831,100,100.6
1775631288.5245578,101,100.8
1775631289.024082,100,100.4
1775631289.5243852,101,100.4
1775631290.0271063,101,100.6
1775631290.5278842,100,100.6
1775631291.0280206,101,100.6
1775631291.5257916,101,100.8
1775631292.0302274,100,100.6
1775631292.5313761,101,100.6
1775631293.028833,102,101.0
1775631293.5300896,101,101.0
1775631294.0309732,101,101.0
1775631294.5331686,100,101.0
1775631295.034482,101,101.0
1775631295.5359557,101,100.8
1775631296.0325985,100,100.6
1775631296.536058,102,100.8
1775631297.034559,101,101.0
1775631297.535201,101,101.0
1775631298.0364318,101,101.0
1775631298.5366197,100,101.0
1775631299.0382118,101,100.8
1775631299.5395043,101,100.8
1775631300.0399582,101,100.8
1775631300.5402787,101,100.8
1775631301.0395398,101,101.0
1775631301.5413399,101,101.0
1775631302.0436149,100,100.8
1775631302.5407393,102,101.0
1775631303.0397985,101,101.0
1775631303.5462186,101,101.0
1775631304.045888,101,101.0
1775631304.5453103,100,101.0
1775631305.0539637,101,100.8
1775631305.545013,100,100.6
1775631306.0473146,103,101.0
1775631306.547861,101,101.0
1775631307.049063,101,101.2
1775631307.5499086,102,101.4
1775631308.0503178,101,101.6
1775631308.5507486,101,101.2
1775631309.049097,101,101.2
1775631309.5494099,101,101.2
1775631310.049038,100,100.8
1775631310.5526047,102,101.0
1775631311.0543072,100,100.8
1775631311.5524209,102,101.0
1775631312.0530427,101,101.0
1775631312.556452,101,101.2
1775631313.0554662,100,100.8
1775631313.5563374,102,101.2
1775631314.0576603,101,101.0
1775631314.5562236,100,100.8
1775631315.0597672,102,101.0
1775631315.5597124,101,101.2
1775631316.0588386,101,101.0
1775631316.558195,101,101.0
1775631317.0616925,101,101.2
1775631317.5617948,101,101.0
1775631318.061672,100,100.8
1775631318.561834,101,100.8
1775631319.0607355,102,101.0
1775631319.5666986,100,100.8
1775631320.1115415,101,100.8
1775631320.564532,101,101.0
1775631321.0661738,100,100.8
1775631321.568505,102,100.8
1775631322.069282,100,100.8
1775631322.5684943,101,100.8
1775631323.0693364,101,100.8
1775631323.56677,101,101.0
1775631324.0704646,101,100.8
1775631324.5704372,101,101.0
1775631325.0723362,101,101.0
1775631325.5697694,101,101.0
1775631326.0702388,100,100.8
1775631326.5746179,101,100.8
1775631327.0734038,100,100.6
1775631327.5729191,101,100.6
1775631328.0741773,100,100.4
1775631328.5785754,100,100.4
1775631329.0771418,102,100.6
1775631329.5760868,100,100.6
1775631330.0760694,101,100.6
1775631330.576415,101,100.8
1775631331.0795066,100,100.8
1775631331.5801885,101,100.6
1775631332.0798886,101,100.8
1775631332.58075,101,100.8
1775631333.0826855,101,100.8
1775631333.5824344,100,100.8
1775631334.0818973,100,100.6
1775631334.5823202,102,100.8
1775631335.0925417,101,100.8
1775631335.5871754,100,100.6
1775631336.0857654,101,100.8
1775631336.5888827,101,101.0
1775631337.0854132,100,100.6
1775631337.589098,100,100.4
1775631338.0884645,100,100.4
1775631338.5879786,100,100.2
1775631339.0890584,101,100.2
1775631339.5876768,100,100.2
1775631340.0926156,100,100.2
1775631340.5925195,101,100.4
1775631341.092903,100,100.4
1775631341.591277,101,100.4
1775631342.0912774,99,100.2
1775631342.5946167,100,100.2
1775631343.0950806,99,99.8
1775631343.5950387,101,100.0
1775631344.0963259,100,99.8
1775631344.5993445,100,100.0
1775631345.0995915,101,100.2
1775631345.5980265,100,100.4
1775631346.0970035,99,100.0
1775631346.5969145,101,100.2
1775631347.1010947,101,100.4
1775631347.6007612,99,100.0
1775631348.1003711,100,100.0
1775631348.6004848,100,100.2
1775631349.103948,100,100.0
1775631349.6033516,102,100.2
1775631350.1043053,101,100.6
1775631350.6043043,100,100.6
1775631351.1027753,100,100.6
1775631351.603404,99,100.4
1775631352.1075978,101,100.2
1775631352.6060925,99,99.8
1775631353.1058524,100,99.8
1775631353.6055522,99,99.6
1775631354.109393,102,100.2
1775631354.6090617,100,100.0
1775631355.1099594,100,100.2
1775631355.608504,100,100.2
1775631356.1126976,100,100.4
1775631356.613481,100,100.0
1775631357.1129732,100,100.0
1775631357.612346,99,99.8
1775631358.1116533,101,100.0
1775631358.6120563,99,99.8
1775631359.1169462,101,100.0
1775631359.6166174,100,100.0
1775631360.1154792,101,100.4
1775631360.6195965,100,100.2
1775631361.1188083,99,100.2
1775631361.6179981,100,100.0
1775631362.119965,100,100.0
1775631362.6201305,99,99.6
1775631363.1211765,102,100.0
1775631363.6219234,101,100.4
1775631364.1230671,99,100.2
1775631364.6224415,102,100.6
1775631365.1259964,100,100.8
1775631365.6250634,100,100.4
1775631366.1250145,100,100.2
1775631366.6253674,101,100.6
1775631367.1243622,100,100.2
1775631367.6246152,99,100.0
1775631368.1281693,102,100.4
1775631368.6282787,100,100.4
1775631369.128769,100,100.2
1775631369.627054,99,100.0
1775631370.1300914,100,100.2
1775631370.630745,100,99.8
1775631371.1302795,99,99.6
1775631371.6306386,100,99.6
1775631372.1347406,100,99.8
1775631372.6342773,99,99.6
1775631373.1338322,101,99.8
1775631373.6341913,100,100.0
1775631374.1338985,100,100.0
1775631374.6367848,100,100.0
1775631375.138309,100,100.2
1775631375.6380503,99,99.8
1775631376.1372197,100,99.8
1775631376.640985,101,100.0
1775631377.1411085,100,100.0
1775631377.6401033,99,99.8
1775631378.1388106,101,100.2
1775631378.63979,100,100.2
1775631379.1421046,100,100.0
1775631379.642686,99,99.8
1775631380.1439424,100,100.0
1775631380.6434147,99,99.6
1775631381.1420255,100,99.6
1775631381.6460319,101,99.8
1775631382.1458247,100,100.0
1775631382.6446846,101,100.2
1775631383.1453435,99,100.2
1775631383.6482124,100,100.2
1775631384.1487434,100,100.0
1775631384.6486294,99,99.8
1775631385.1495748,100,99.6
1775631385.6488953,100,99.8
1775631386.150455,99,99.6
1775631386.650972,100,99.6
1775631387.1518347,100,99.8
1775631387.6531854,100,99.8
1775631388.1510332,99,99.6
1775631388.656075,100,99.8
1775631389.1553047,100,99.8
1775631389.6555378,100,99.8
1775631390.155861,100,99.8
1775631390.654058,99,99.8
1775631391.1581829,100,99.8
1775631391.6574533,100,99.8
1775631392.1577432,100,99.8
1775631392.657947,100,99.8
1775631393.1607885,100,100.0
1775631393.660507,99,99.8
1775631394.160715,101,100.0
1775631394.6615968,101,100.2
1775631395.1654441,100,100.2
1775631395.6637323,99,100.0
1775631396.1646593,100,100.2
1775631396.6644506,99,99.8
1775631397.1650097,100,99.6
1775631397.666972,100,99.6
1775631398.1658447,99,99.6
1775631398.666375,101,99.8
1775631399.1909475,99,99.8
1775631399.667675,100,99.8
1775631400.1703243,100,99.8
1775631400.6709802,100,100.0
1775631401.1707745,100,99.8
1775631401.6705287,99,99.8
1775631402.1731577,101,100.0
1775631402.6729076,99,99.8
1775631403.172817,100,99.8
1775631403.6713383,100,99.8
1775631404.1720088,101,100.2
1775631404.6723752,99,99.8
1775631405.1759415,100,100.0
1775631405.6754093,100,100.0
1775631406.1755667,100,100.0
1775631406.6753929,98,99.4
1775631407.1748111,99,99.4
1775631407.677955,99,99.2
1775631408.1775284,100,99.2
1775631408.676973,100,99.2
1775631409.1774292,99,99.4
1775631409.6812296,101,99.8
1775631410.1822414,100,100.0
1775631410.6815536,99,99.8
1775631411.1813066,100,99.8
1775631411.6856732,100,100.0
1775631412.184693,100,99.8
1775631412.6855514,99,99.6
1775631413.1838331,101,100.0
1775631413.6877244,101,100.2
1775631414.198688,100,100.2
1775631414.6870394,99,100.0
1775631415.188596,100,100.2
1775631415.6885083,99,99.8
1775631416.191921,100,99.6
1775631416.6915367,99,99.4
1775631417.189863,100,99.6
1775631417.691071,99,99.4
1775631418.1885917,99,99.4
1775631418.690073,99,99.2
1775631419.19454,100,99.4
1775631419.692082,100,99.4
1775631420.193768,100,99.6
1775631420.6954994,100,99.8
1775631421.1953056,100,100.0
1775631421.6963696,99,99.8
1775631422.1950889,100,99.8
1775631422.6953945,99,99.6
1775631423.1986501,101,99.8
1775631423.7317874,99,99.6
1775631424.1996815,99,99.6
1775631424.6980767,100,99.6
1775631425.199598,99,99.6
1775631425.700056,99,99.2
1775631426.2022958,100,99.4
1775631426.7014453,99,99.4
1775631427.2027059,99,99.2
1775631427.7020185,99,99.2
1775631428.204487,99,99.2
1775631428.7065096,100,99.2
1775631429.2066307,99,99.2
1775631429.7043667,100,99.4
1775631430.2040157,99,99.4
1775631430.7090113,100,99.6
1775631431.2086513,100,99.6
1775631431.706478,99,99.6
1775631432.208784,99,99.4
1775631432.7086158,98,99.2
1775631433.2097933,98,98.8
1775631433.7108,98,98.4
1775631434.211919,99,98.4
1775631434.7146807,100,98.6
1775631435.2138393,100,99.0
1775631435.7155752,99,99.2
1775631436.2133307,100,99.6
1775631436.7126703,100,99.8
1775631437.2185934,100,99.8
1775631437.716522,99,99.6
1775631438.2156837,98,99.4
1775631438.716984,98,99.0
1775631439.2179494,98,98.6
1775631439.7175093,99,98.4
1775631440.2200036,100,98.6
1775631440.7210188,99,98.8
1775631441.220808,99,99.0
1775631441.720965,99,99.2
1775631442.2196624,98,99.0
1775631442.7234454,98,98.6
1775631443.2220705,99,98.6
1775631443.723407,99,98.6
1775631444.2268097,100,98.8
1775631444.7266963,99,99.0
1775631445.2255495,99,99.2
1775631445.7262242,99,99.2
1775631446.226801,98,99.0
1775631446.7270157,99,98.8
1775631447.2290792,98,98.6
1775631447.7290437,99,98.6
1775631448.2705905,99,98.6
1775631448.729106,98,98.6
1775631449.2289286,99,98.6
1775631449.731579,99,98.8
1775631450.2304165,98,98.6
1775631450.7309475,98,98.4
1775631451.2341216,100,98.8
1775631451.7297041,97,98.4
1775631452.2340229,98,98.2
1775631452.7364194,98,98.2
1775631453.2332218,97,98.0
1775631453.7344954,98,97.6
1775631454.2377443,98,97.8
1775631454.7387893,98,97.8
1775631455.237926,98,97.8
1775631455.7390459,97,97.8
1775631456.2386541,98,97.8
1775631456.7406592,98,97.8
1775631457.2421813,99,98.0
1775631457.7416198,98,98.0
1775631458.2408597,98,98.2
1775631458.7410548,98,98.2
1775631459.244558,98,98.2
1775631459.7437646,97,97.8
1775631460.2441773,98,97.8
1775631460.7442498,99,98.0
1775631461.2443333,99,98.2
1775631461.7471473,98,98.2
1775631462.2472095,98,98.4
1775631462.747311,98,98.4
1775631463.2690609,98,98.2
1775631463.746686,99,98.2
1775631464.2481298,98,98.2
1775631464.7478898,98,98.2
1775631465.248684,98,98.2
1775631465.7491817,98,98.2
1775631466.2515907,99,98.2
1775631466.753643,98,98.2
1775631467.253315,98,98.2
1775631467.764923,98,98.2
1775631468.2516963,98,98.2
1775631468.7563932,99,98.2
1775631469.253988,97,98.0
1775631469.7560072,98,98.0
1775631470.2537217,98,98.0
1775631470.756142,98,98.0
1775631471.2590077,97,97.6
1775631471.759491,98,97.8
1775631472.2590003,98,97.8
1775631472.7583427,99,98.0
1775631473.2562706,97,97.8
1775631473.7612636,98,98.0
1775631474.2614625,98,98.0
1775631474.7598412,99,98.2
1775631475.2619917,97,97.8
1775631475.763042,98,98.0
1775631476.2638457,98,98.0
1775631476.7648394,99,98.2
1775631477.2648804,98,98.0
1775631477.7638505,99,98.4
1775631478.267141,98,98.4
1775631478.76751,98,98.4
1775631479.2660568,99,98.4
1775631479.7670145,98,98.4
1775631480.2692952,111,100.8
1775631480.7709284,99,101.0
1775631481.2710915,98,101.0
1775631481.7701228,99,101.0
1775631482.2710347,99,101.2
1775631482.7694776,99,98.8
1775631483.2740006,100,99.0
1775631483.7730892,100,99.4
1775631484.272647,99,99.4
1775631484.7768059,100,99.6
1775631485.2775278,99,99.6
1775631485.7771614,99,99.4
1775631486.2761312,99,99.2
1775631486.776519,98,99.0
1775631487.275616,98,98.6
1775631487.7786086,99,98.6
1775631488.277193,98,98.4
1775631488.7788165,98,98.2
1775631489.2775128,98,98.2
1775631489.7779312,99,98.4
1775631490.2834613,99,98.4
1775631490.7822697,98,98.4
1775631491.2822075,99,98.6
1775631491.7825282,98,98.6
1775631492.282375,99,98.6
1775631492.7854497,100,98.8
1775631493.2837558,100,99.2
1775631493.784716,99,99.2
1775631494.2849467,99,99.4
1775631494.788843,98,99.2
1775631495.2899632,99,99.0
1775631495.7872488,99,98.8
1775631496.2868357,99,98.8
1775631496.787622,98,98.6
1775631497.291646,99,98.8
1775631497.789975,100,99.0
1775631498.2893248,99,99.0
1775631498.78872,98,98.8
1775631499.2887192,99,99.0
1775631499.7922575,98,98.8
1775631500.2937593,99,98.6
1775631500.7955406,100,98.8
1775631501.2940133,99,99.0
1775631501.7991185,99,99.0
1775631502.2961023,99,99.2
1775631502.7957535,99,99.2
1775631503.5822508,99,99.0
1775631504.701616,98,98.8
1775631505.6376302,99,98.8
1775631506.4559803,101,99.2
1775631506.6129558,100,99.4
1775631506.768018,99,99.4
1775631506.9295807,98,99.4
1775631507.0841603,99,99.4
1775631507.3030345,100,99.2
1775631507.802317,99,99.0
1775631508.3048458,100,99.2
1775631508.8044116,98,99.2
1775631509.3070445,99,99.2
1775631509.807631,100,99.2
1775631510.3071687,99,99.2
1775631510.8088088,100,99.2
1775631511.310294,99,99.4
1775631511.81042,99,99.4
1775631512.3396254,99,99.2
1775631512.8071804,98,99.0
1775631513.3100674,99,98.8
1775631513.8129966,100,99.0
1775631514.3124456,99,99.0
1775631514.8125985,99,99.0
1775631515.311636,99,99.2
1775631515.8151,100,99.4
1775631516.313511,100,99.4
1775631516.8162353,99,99.4
1775631517.3151057,100,99.6
1775631517.8129795,99,99.6
1775631518.3184645,98,99.2
1775631518.8163798,99,99.0
1775631519.680323,98,98.8
1775631520.6765976,99,98.6
1775631521.760797,99,98.6
1775631522.38749,99,98.8
1775631522.5348084,99,98.8
1775631522.7024932,99,99.0
1775631522.8540845,99,99.0
1775631523.0060613,98,98.8
1775631523.3221307,99,98.8
1775631523.8223624,98,98.6
1775631524.3247528,98,98.4
1775631524.8263257,100,98.6
1775631525.3252192,99,98.8
1775631525.8251898,98,98.6
1775631526.3280616,99,98.8
1775631526.8280656,99,99.0
1775631527.3353324,99,98.8
1775631527.831267,98,98.6
1775631528.329834,98,98.6
1775631528.8313794,100,98.8
1775631529.3311481,98,98.6
1775631529.830968,98,98.4
1775631530.3327425,99,98.6
1775631530.831489,98,98.6
1775631531.3336875,98,98.2
1775631531.831088,98,98.2
1775631532.3337207,98,98.2
1775631532.8342888,100,98.4
1775631533.4722853,98,98.4
1775631534.0718677,98,98.4
1775631534.682704,98,98.4
1775631535.5099545,98,98.4
1775631536.1099615,98,98.0
1775631536.2679734,97,97.8
1775631536.4451056,98,97.8
1775631536.8823419,98,97.8
1775631537.3423712,99,98.0
1775632075.4152057,101,101
1775632077.439968,102,102
1775632077.5750318,102,102
1775632077.7234735,102,102
1775632077.84607,102,101.8
1775632077.9903166,101,101.8
1775632078.1436987,102,101.8
1775632078.4225628,101,101.6
1775632078.9226246,102,101.6
1775632079.425607,102,101.6
1775632079.9259934,102,101.8
1775632080.4256594,101,101.6
1775632080.9265382,101,101.6
1775632081.4259,101,101.4
1775632081.9294214,102,101.4
1775632082.429077,101,101.2
1775632082.9278615,100,101.0
1775632083.4289854,100,100.8
1775632083.9274049,101,100.8
1775632084.4322553,103,101.0
1775632084.9301357,102,101.2
1775632085.4300053,94,100.0
1775632085.9320726,83,96.6
1775632086.455434,77,91.8
1775632086.9321165,66,84.4
1775632087.4353755,59,75.8
1775632087.934241,64,69.8
1775632088.4350626,66,66.4
1775632088.9336698,70,65.0
1775632089.4341364,72,66.2
1775632089.9376736,74,69.2
1775632090.4381638,77,71.8
1775632090.9381855,78,74.2
1775632091.4367526,81,76.4
1775632091.9542525,82,78.4
1775632092.439184,84,80.4
1775632092.9391837,87,82.4
1775632093.4393094,89,84.6
1775632093.9404218,90,86.4
1775632094.4403539,92,88.4
1775632094.9427538,93,90.2
1775632095.4432192,94,91.6
1775632095.942926,95,92.8
1775632096.4426851,96,94.0
1775632096.9415727,97,95.0
1775632097.4464548,98,96.0
1775632097.9466705,100,97.2
1775632098.445517,99,98.0
1775632098.9456298,100,98.8
1775632099.448601,100,99.4
1775632099.9478295,99,99.6
1775632100.4473968,84,96.4
1775632100.948371,81,92.8
1775632101.4472756,84,89.6
1775632101.9473522,87,87.0
1775632102.449944,89,85.0
1775632102.9499156,90,86.2
1775632103.452256,92,88.4
1775632103.9522648,93,90.2
1775632104.4519477,95,91.8
1775632104.9554489,95,93.0
1775632105.454613,95,94.0
1775632105.9540675,95,94.6
1775632106.4545703,98,95.6
1775632106.9553726,98,96.2
1775632107.458403,93,95.8
1775632107.9567466,96,96.0
1775632108.4571319,98,96.6
1775632108.9580262,100,97.0
1775632109.4609642,100,97.4
1775632109.961142,105,99.8
1775632110.4608276,92,99.0
1775632110.959914,86,96.6
1775632111.4589748,88,94.2
1775632111.9579394,90,92.2
1775632112.4625638,92,89.6
1775632112.9624503,94,90.0
1775632113.4612842,95,91.8
1775632113.961043,97,93.6
1775632114.4611804,97,95.0
1775632114.9671772,100,96.6
1775632115.4670825,101,98.0
1775632115.9654474,103,99.6
1775632116.4697397,104,101.0
1775632116.9692016,103,102.2
1775632117.470192,105,103.2
1775632117.969164,106,104.2
1775632118.4674613,106,104.8
1775632118.9708903,106,105.2
1775632119.4735239,109,106.4
1775632119.9705513,108,107.0
1775632120.4705498,109,107.6
1775632120.970275,110,108.4
1775632121.4737294,108,108.8
1775632121.9736242,109,108.8
1775632122.473331,109,109.0
1775632122.9738517,110,109.2
1775632123.4740427,109,109.0
1775632123.9772556,110,109.4
1775632124.4763021,110,109.6
1775632124.976299,108,109.4
1775632125.4779727,109,109.2
1775632125.981016,109,109.2
1775632126.4796975,110,109.2
1775632126.9792862,107,108.6
1775632127.4795365,108,108.6
1775632127.9802465,106,108.0
1775632128.483941,105,107.2
1775632128.983285,104,106.0
1775632129.482542,105,105.6
1775632129.98247,105,105.0
1775632130.4859936,105,104.8
1775632130.9867253,106,105.0
1775632131.5181637,107,105.6
1775632131.9852037,106,105.8
1775632132.4871159,106,106.0
1775632132.9865453,106,106.2
1775632133.4899647,108,106.6
1775632133.9891205,107,106.6
1775632134.4881587,107,106.8
1775632134.9895341,111,107.8
1775632135.4894276,108,108.2
1775632135.9910848,111,108.8
1775632136.491178,107,108.8
1775632136.992287,110,109.4
1775632137.4933062,107,108.6
1775632137.9963074,107,108.4
1775632138.4961395,107,107.6
1775632138.9960408,107,107.6
1775632139.4959075,108,107.2
1775632139.9966137,107,107.2
1775632140.4989898,109,107.6
1775632140.9994955,111,108.4
1775632141.4992893,109,108.8
1775632141.9987998,100,107.2
1775632142.4981885,79,101.6
1775632142.9974332,88,97.4
1775632143.500487,79,91.0
1775632144.0021284,80,85.2
1775632144.499269,82,81.6
1775632145.0004125,84,82.6
1775632145.4993112,85,82.0
1775632146.0046022,88,83.8
1775632146.5187495,89,85.6
1775632147.003971,90,87.2
1775632147.504367,92,88.8
1775632148.0037534,94,90.6
1775632148.5078528,94,91.8
1775632149.008459,95,93.0
1775632149.507492,96,94.2
1775632150.0070271,98,95.4
1775632150.5075126,97,96.0
1775632151.0099688,99,97.0
1775632151.5102687,99,97.8
1775632152.0092452,101,98.8
1775632152.5105052,100,99.2
1775632153.0119977,103,100.4
1775632153.5144749,102,101.0
1775632154.0117152,102,101.6
1775632154.5130427,102,101.8
1775632155.0109236,102,102.2
1775632155.5164921,104,102.4
1775632156.0530918,104,102.8
1775632156.515947,100,102.4
1775632157.0180166,91,100.2
1775632157.5151007,92,98.2
1775632158.0135295,94,96.2
1775632158.5180483,96,94.6
1775632159.0170238,98,94.2
1775632159.5168498,98,95.6
1775632160.0175836,98,96.8
1775632160.5180902,98,97.6
1775632161.0212336,98,98.0
1775632161.5204039,98,98.0
1775632162.0233517,100,98.4
1775632162.523157,100,98.8
1775632163.0237606,100,99.2
1775632163.5252392,101,99.8
1775632164.025355,101,100.4
1775632164.523013,101,100.6
1775632165.026858,102,101.0
1775632165.5276763,101,101.2
1775632166.0273519,101,101.2
1775632166.5273912,101,101.2
1775632167.0286324,101,101.2
1775632167.5294347,101,101.0
1775632168.0290787,103,101.4
1775632168.5311034,102,101.6
1775632169.028778,102,101.8
1775632169.52838,101,101.8
1775632170.0322082,102,102.0
1775632170.5328665,102,101.8
1775632171.0480845,102,101.8
1775632171.5324621,102,101.8
1775632172.037351,102,102.0
1775632172.5350502,102,102.0
1775632173.035903,103,102.2
1775632173.534358,103,102.4
1775632174.0344288,102,102.4
1775632174.5387897,102,102.4
1775632175.0379875,102,102.4
1775632175.5384362,102,102.2
1775632176.038753,103,102.2
1775632176.5383873,102,102.2
1775632177.0435507,102,102.2
1775632177.5424078,101,102.0
1775632178.0423615,102,102.0
1775632178.5427017,102,101.8
1775632179.0425053,102,101.8
1775632179.545158,101,101.6
1775632180.044196,102,101.8
1775632180.5446098,101,101.6
1775632181.044159,102,101.6
1775632181.546954,101,101.4
1775632182.0482564,101,101.4
1775632182.5488942,102,101.4
1775632183.047209,101,101.4
1775632183.548099,101,101.2
1775632184.0519178,102,101.4
1775632184.5522017,101,101.4
1775632185.0517602,101,101.2
1775632185.5520012,101,101.2
1775632186.0503044,101,101.2
1775632186.5545826,102,101.2
1775632187.054397,102,101.4
1775632187.55376,101,101.4
1775632188.0533645,101,101.4
1775632188.5529423,100,101.2
1775632189.056477,100,100.8
1775632189.5580366,101,100.6
1775632190.0563045,101,100.6
1775632190.5573418,100,100.4
1775632191.060854,101,100.6
1775632191.5600245,100,100.6
1775632192.0597873,100,100.4
1775632192.559072,101,100.4
1775632193.0592673,99,100.2
1775632193.5631058,100,100.0
1775632194.0623953,100,100.0
1775632194.5617423,98,99.6
1775632195.062027,98,99.0
1775632195.586456,98,98.8
1775632196.0611992,98,98.4
1775632196.564718,102,98.8
1775632197.066714,101,99.4
1775632197.5641797,103,100.4
1775632198.064053,100,100.8
1775632198.568324,102,101.6
1775632199.0683293,101,101.4
1775632199.5676866,102,101.6
1775632200.0689147,102,101.4
1775632200.5684297,102,101.8
1775632201.0724854,101,101.6
1775632201.5715497,102,101.8
1775632202.0711584,102,101.8
1775632202.571926,101,101.6
1775632203.0753255,102,101.6
1775632203.5745747,101,101.6
1775632204.0741847,101,101.4
1775632204.5751083,102,101.4
1775632205.0749006,102,101.6
1775632205.5780454,101,101.4
1775632206.0766237,88,98.8
1775632206.576804,101,98.8
